id firstname lastname email profession
100,Rosanne,Meli,Rosanne.Meli@yopmail.com,police officer
101,Roz,Egbert,Roz.Egbert@yopmail.com,doctor
102,Brooks,Jary,Brooks.Jary@yopmail.com,doctor
103,Dacia,Gilmour,Dacia.Gilmour@yopmail.com,doctor
104,Mignon,Loring,Mignon.Loring@yopmail.com,police officer
105,Bobinette,Ferrell,Bobinette.Ferrell@yopmail.com,firefighter
106,Kimmy,Lamoree,Kimmy.Lamoree@yopmail.com,doctor
107,Jinny,Mehalek,Jinny.Mehalek@yopmail.com,developer
108,Gale,Primalia,Gale.Primalia@yopmail.com,worker
109,Bertine,Gaynor,Bertine.Gaynor@yopmail.com,firefighter
110,Gale,Nerita,Gale.Nerita@yopmail.com,worker
111,Olwen,Junie,Olwen.Junie@yopmail.com,doctor
112,Madeleine,Lutero,Madeleine.Lutero@yopmail.com,worker
113,Alleen,Sikorski,Alleen.Sikorski@yopmail.com,developer
114,Frank,Juliet,Frank.Juliet@yopmail.com,doctor
115,Theodora,Oriana,Theodora.Oriana@yopmail.com,developer
116,Jordan,Cookie,Jordan.Cookie@yopmail.com,police officer
117,Lanna,Kalinda,Lanna.Kalinda@yopmail.com,worker
118,Fred,Hanleigh,Fred.Hanleigh@yopmail.com,firefighter
119,Tierney,Ammann,Tierney.Ammann@yopmail.com,doctor
